{
  "1764067730492p5e6rlc0p": {
    "position": {
      "x": -7.426809117831466,
      "y": 23.52998419997735,
      "z": -8.922268880744742
    },
    "rotation": {
      "x": -0.48679630098534665,
      "y": -2.653185307179527
    }
  }
}