{
  "1764067730492p5e6rlc0p": {
    "position": {
      "x": -10.453336123117563,
      "y": 22.068907700092435,
      "z": -8.597044358333626
    },
    "rotation": {
      "x": -0.5707963009853477,
      "y": 1.046814692820467
    }
  }
}