{
  "1764067730492p5e6rlc0p": {
    "position": {
      "x": -4.734671361212082,
      "y": 23.181,
      "z": -12.809575781536202
    },
    "rotation": {
      "x": -0.49679632679486296,
      "y": 1.7784440784610507
    }
  },
  "1764087898304g0glbfh1k": {
    "position": {
      "x": -2.757317529793553,
      "y": 21.181,
      "z": -4.146499241348108
    },
    "rotation": {
      "x": -0.48199999999999965,
      "y": -1.2151853071795813
    }
  }
}