{
  "1763816628535lqjn189xf": {
    "position": {
      "x": 37.439709455124536,
      "y": 26.181,
      "z": 32.575673635455225
    },
    "rotation": {
      "x": -0.5727963057213934,
      "y": -1.2963706143592268
    }
  },
  "1764094142626q8oyeztan": {
    "position": {
      "x": -8.99849399802658,
      "y": 19.781235499985016,
      "z": -0.8977341822433913
    },
    "rotation": {
      "x": -0.06879630572138085,
      "y": 2.8775559215389115
    }
  }
}