{
  "1763816628535lqjn189xf": {
    "position": {
      "x": 37.439709455124536,
      "y": 26.181,
      "z": 32.575673635455225
    },
    "rotation": {
      "x": -0.5727963057213934,
      "y": -1.2963706143592268
    }
  }
}